title,score,text,url
"The Perfect combination, vacation begins",1,"

Lululemon man shorts: https://weidian.com/item.html?itemID=7667697823

Alo socks: https://weidian.com/item.html?itemID=7667644723

Hermes slippers: https://weidian.com/item.html?itemID=7667634895

Dior bag: https://weidian.com/item.html?itemID=7667634881

Carhartt polo shirt: https://weidian.com/item.html?itemID=7670585224

Nike ts:https://weidian.com/item.html?itemID=7670585222

RL polo:https://weidian.com/item.html?itemID=7667684087

Ami short-sleeved: https://weidian.com/item.html?itemID=7667689985

Headphones: https://weidian.com/item.html?itemID=7670585210

Louis vuitton shirt: https://weidian.com/item.html?itemID=7670675922",https://www.reddit.com/gallery/1rflauv
🌊 Shake Out Run Spotlight #4: lululemon Abbot Kinney,1,"Race weekend in LA just hits different.

lululemon is bringing BIG energy to Abbot Kinney with a community shakeout to kick things off:

📍 **lululemon - 1130 Abbot Kinney Blvd**  
🗓 Saturday, March 7  
⏰ 8:30 AM – 11:30 AM (Check-in starts 8:00 AM | Roll out 8:45 AM sharp)

Whether you’re racing the ASICS Los Angeles Marathon, cheering, or just soaking in the marathon weekend vibes — this one’s for you.

# 🏃 Options

* 3-mile shakeout run
* 1-mile walk All paces welcome.

# 👟 Pacers / Run Leaders

* Erik Valiente – BlacklistLA
* Janelle Martinez – LISTA
* Chris Cheatham – Beverly Hills Run Club
* Bari Cohen – Runners Hii Run Crew
* Kavonna McCraney – Compton Run Club
* Cezamee Fore – Wolfpack Run Crew

# ☕ Post-Run Vibes

Stick around for complimentary coffee + light bites from:

* **Always Kind Co.**
* **Yeastie Boys Bagels**

**Schedule:**

* 8:00–8:30 AM: Check-in
* 8:30–8:45 AM: Pre-run stretch
* 8:45–9:30 AM: Shakeout (3-mile or 1-mile)
* 9:15–11:30 AM: Coffee + connection

Registration is required. [Reserve a spot here!](https://www.eventbrite.ca/e/shakeout-run-with-lululemon-tickets-1983308148060)  
All paces. All levels. Big LA energy.

Who’s starting race weekend in Venice? 🌞",https://www.reddit.com/r/LAMarathon/comments/1rfl73h/shake_out_run_spotlight_4_lululemon_abbot_kinney/
"Hotty Hot Low-Rise Lined Short 4"" - Black - 12 is in stock at Lululemon for $29.00 (Less than MSRP) (originally $68.00)",1,"View current status at [https://www.trackalacker.com/products/showcase/lululemon-hotty-hot-low-rise-lined-short-4...](https://www.trackalacker.com/products/showcase/lululemon-hotty-hot-low-rise-lined-short-4?notification_id=IA7yhe0%252BGGHi1LA%253D--QOIizvuXCGEjBgl9--7%252BIacdJjUJNKxwO1fjdPWA%253D%253D&amp;utm_campaign=stock-update&amp;utm_medium=social&amp;utm_source=reddit) (affiliate link)



As of 02/26/26 03:18 PM EST",https://www.reddit.com/r/LululemonRestocks/comments/1rfl5kh/hotty_hot_lowrise_lined_short_4_black_12_is_in/
"Perfect combination, vacation begins",1,"

Lululemon man shorts: https://weidian.com/item.html?itemID=7667697823

Alo socks: https://weidian.com/item.html?itemID=7667644723

Hermes slippers: https://weidian.com/item.html?itemID=7667634895

Dior bag: https://weidian.com/item.html?itemID=7667634881

Carhartt polo shirt: https://weidian.com/item.html?itemID=7670585224

Nike ts:https://weidian.com/item.html?itemID=7670585222

RL polo:https://weidian.com/item.html?itemID=7667684087

Ami short-sleeved: https://weidian.com/item.html?itemID=7667689985

Headphones: https://weidian.com/item.html?itemID=7670585210

Louis vuitton shirt: https://weidian.com/item.html?itemID=7670675922",https://www.reddit.com/gallery/1rfkttq
First post! Some WMTM finds from the last 2 months,10,"Thought I’d share some WMTM finds since I first tried on Lululemon two months ago! These are all my leggings &amp; bras (some additional items not pictured 🙈)

Top row L to R:

Nulu paisley Lace Back Yoga Bra in black

Like a Cloud Ribbed longline in washed blue

Free to be Wild in Sinatra blue

LAC in faint lavender 

Bottom L to R:

Nulu high rise mesh panel tight in black

Align no line 25” in palm deco, blue twill

Align no line twist tight in grape mist

Align no line 25” in dusty lilac",https://www.reddit.com/gallery/1rfkf0p
I want and need more nulu ribbed wrap tops! Gimme all the colors,17,"Today’s cross fit and I’m obsessed! Nulu ribbed wrap top in the pink color with the heart size large.  I cannot tell you got much I love this little cropped top! I got the black and the pink and want more more more!!! 

Ebb to street tank in black size 12 and my ever faithful wunder train black leggings. 

Hope you’re having an amazing day! ",https://i.redd.it/mqpiwmo97wlg1.jpeg
Running outdoors &amp; tan lines,2,"To my fellow runner ladies with a later summer wedding, what are we doing about tan lines and running outside? Ideally, I want to keep my long weekend summer runs uninterrupted for my own sanity. 

I'm planning on running early in the mornings or in the evenings and regularly swapping out sports bras, keeping them very thin straps but trying to keep a regular rotation of different backs. I did once as a bridesmaid but still felt my tan lines were very bold. 

Any tips? Obviously will be wearing SPF. I typically stick with lululemon but any recommendations for any minimal-tan line causing tricks, tips, sports bras or tops (maybe even open to incredibly light weight long sleeve shirts but I can't imagine that in 30 degree celsius).

  
",https://www.reddit.com/r/weddingplanning/comments/1rfk4le/running_outdoors_tan_lines/
"The Perfect combination, vacation begins",1,"

Lululemon man shorts: https://weidian.com/item.html?itemID=7667697823

Alo socks: https://weidian.com/item.html?itemID=7667644723

Hermes slippers: https://weidian.com/item.html?itemID=7667634895

Dior bag: https://weidian.com/item.html?itemID=7667634881

Carhartt polo shirt: https://weidian.com/item.html?itemID=7670585224

Nike ts:https://weidian.com/item.html?itemID=7670585222

RL polo:https://weidian.com/item.html?itemID=7667684087

Ami short-sleeved: https://weidian.com/item.html?itemID=7667689985

Headphones: https://weidian.com/item.html?itemID=7670585210

Louis vuitton shirt: https://weidian.com/item.html?itemID=7670675922",https://www.reddit.com/gallery/1rfk3vv
"Perfect combination, vacation begins",2,"

Lululemon man shorts: https://weidian.com/item.html?itemID=7667697823

Alo socks: https://weidian.com/item.html?itemID=7667644723

Hermes slippers: https://weidian.com/item.html?itemID=7667634895

Dior bag: https://weidian.com/item.html?itemID=7667634881

Carhartt polo shirt: https://weidian.com/item.html?itemID=7670585224

Nike ts:https://weidian.com/item.html?itemID=7670585222

RL polo:https://weidian.com/item.html?itemID=7667684087

Ami short-sleeved: https://weidian.com/item.html?itemID=7667689985

Headphones: https://weidian.com/item.html?itemID=7670585210

Louis vuitton shirt: https://weidian.com/item.html?itemID=7670675922",https://www.reddit.com/gallery/1rfjopm
"The Perfect combination, vacation begins",1,"

Lululemon man shorts: https://weidian.com/item.html?itemID=7667697823

Alo socks: https://weidian.com/item.html?itemID=7667644723

Hermes slippers: https://weidian.com/item.html?itemID=7667634895

Dior bag: https://weidian.com/item.html?itemID=7667634881

Carhartt polo shirt: https://weidian.com/item.html?itemID=7670585224

Nike ts:https://weidian.com/item.html?itemID=7670585222

RL polo:https://weidian.com/item.html?itemID=7667684087

Ami short-sleeved: https://weidian.com/item.html?itemID=7667689985

Headphones: https://weidian.com/item.html?itemID=7670585210

Louis vuitton shirt: https://weidian.com/item.html?itemID=7670675922",https://www.reddit.com/gallery/1rfjbrr
All It Takes Ribbed Nulu T-Shirt - Bone - 6 is in stock at Lululemon for $39.00 (Less than MSRP) (originally $58.00),1,"View current status at [https://www.trackalacker.com/products/showcase/lululemon-all-it-takes-ribbed-nulu-t-shirt...](https://www.trackalacker.com/products/showcase/lululemon-all-it-takes-ribbed-nulu-t-shirt?notification_id=KskSNWcK0Sc4WnA%253D--ZwyfaUyn09a891MC--AgzcLQxA7JjloW5THgHDyQ%253D%253D&amp;utm_campaign=stock-update&amp;utm_medium=social&amp;utm_source=reddit) (affiliate link)



As of 02/26/26 02:10 PM EST",https://www.reddit.com/r/LululemonRestocks/comments/1rfjajk/all_it_takes_ribbed_nulu_tshirt_bone_6_is_in/
Softstreme High-Rise Pant *Tall - Black - 12 and 2 other listings are in stock at Lululemon,1,"[View 3 stock updates](https://www.trackalacker.com/products/showcase/lululemon-softstreme-high-rise-pant-tall?notification_id=9x8JSgHpzq4AUH0%253D--LwVwmHDsJOYH1Hd%252B--UADx3%252FJ%252FUNVvncztk6GxOg%253D%253D&amp;render_batch=true&amp;utm_campaign=batch-stock-update&amp;utm_medium=social&amp;utm_source=reddit)  


As of 02/26/26 01:36 PM EST",https://www.reddit.com/r/LululemonRestocks/comments/1rfid61/softstreme_highrise_pant_tall_black_12_and_2/
In store hem disappointment,4,I got my brilliant blue shorts hemmed to 6in and the hem came back looking cheap and feeling itchy. It looks like they used half the thread they should have because the stitches are so spaced out.... and I can feel the seam on my leg it's not soft like my factory leggings stitch. ,https://i.redd.it/ig37ayittvlg1.jpeg
Anyone else use their nano backpack as a wallet?,8,"I used to have the regular card wallet but this one is better imo! I can fit my keys and cash and cards, and coins in the little pocket!",https://i.redd.it/3tev2p1qrvlg1.jpeg
It feels like there’s two type of people in the world: Normal people and “Us”,14,"it feels like there’s two types of people. normal people and “us“

its like everyone else has gotten the memo but us. everyone has a fully complete idea of being a functional, cool, interesting person. but we just missed it

our upbringing didn’t make us spiteful. we aren’t trying to tear anyone else down. we took it all of internally. we decided to not treat people the way we were treated.  we decided we weren't going to make anyone else feel that way

but beneath us is a hidden network of dysfunction

unstable, unable to control anger. ruining friendships due to issues I never knew I had. it’s like we are on this tightrope that no one else is on. and we just try and try to pick ourselves up. trying to be better but really all it takes is one specific situation, one asshole and it will be right back to zero

I can not handle emotions in world full of people that want to deliberately push me off this damn tightrope. meanwhile I would never dream of pushing anyone of their tightrope.

it feels like autism (maybe it is) but it might not be. I don’t think I am. I fit in just enough but I don’t

example: I got a job at a Lululemon. trendy place, I was able to fit in for the interviews. I was able to seem like a normal chill social person. get to the job and suddenly everyone makes fun of me and hates me. the only other people I genuinely befriend have the same parents I had. 

its like our parents gave us an entire rule book that doesn’t apply to the real world. and we took every single rule to heart. and it turns out it doesn’t match the real world at all. And we do not know which of the 200 rules are right or not

I'm an asshole, I’m weird, I’m strange, I’m awkward, I’m sensitive, I’m friendly, I’m nice, I lie, I breakdown when I sense a friend I had was setting me up, I yell, I embarrass myself, I try, I have to apologize constantly

i feel like Justin Bieber, remember his meltdowns in 2015. and he just kept fucking up. i feel like Pete davidson, lindsay Lohan,",https://www.reddit.com/r/raisedbynarcissists/comments/1rfhl09/it_feels_like_theres_two_type_of_people_in_the/
Define Jacket *Nulu - Willow Leaf - 14 is in stock at Lululemon for $128.00 (MSRP),1,"View current status at [https://www.trackalacker.com/products/showcase/lululemon-define-jacket-nulu...](https://www.trackalacker.com/products/showcase/lululemon-define-jacket-nulu?notification_id=Mt1JZ9qj6e5j3DY%253D--mE02J1EamaSvTCk4--RODUpRlYEyIf07Nq8zGaAg%253D%253D&amp;utm_campaign=stock-update&amp;utm_medium=social&amp;utm_source=reddit) (affiliate link)



As of 02/26/26 12:56 PM EST",https://www.reddit.com/r/LululemonRestocks/comments/1rfh9bs/define_jacket_nulu_willow_leaf_14_is_in_stock_at/
When were these ever available..?,2,"Does lululemon ever add things to the site before it’s available??

I’m confused cause i check for the new colors of these shoes often since they’re the only workout shoe i wear , there is no way this shoe color has been up for some time and is now sold out! ",https://i.redd.it/zzlnwo0xnvlg1.jpeg
Define Jacket *Nulu - Oxford Red - 14 is in stock at Lululemon for $128.00 (MSRP),1,"View current status at [https://www.trackalacker.com/products/showcase/lululemon-define-jacket-nulu...](https://www.trackalacker.com/products/showcase/lululemon-define-jacket-nulu?notification_id=3eyVoK5AWljt5QA%253D--%252BqhVCTnezwxWTQdR--T5cDID57l8CeRS4rgX7owg%253D%253D&amp;utm_campaign=stock-update&amp;utm_medium=social&amp;utm_source=reddit) (affiliate link)



As of 02/26/26 12:45 PM EST",https://www.reddit.com/r/LululemonRestocks/comments/1rfgxn1/define_jacket_nulu_oxford_red_14_is_in_stock_at/
Bone and blue twill,28,"Wunder Unders blue twill and define jacket bone. Idk how to get the picture to not be a thumbnail! 

Anyway, I’m not usually a wear blue type of person, but I enjoy this combo! ",https://i.redd.it/qhnjg60fjvlg1.jpeg
"Perfect combination, vacation begins",1,"

Lululemon man shorts: https://weidian.com/item.html?itemID=7667697823

Alo socks: https://weidian.com/item.html?itemID=7667644723

Hermes slippers: https://weidian.com/item.html?itemID=7667634895

Dior bag: https://weidian.com/item.html?itemID=7667634881

Carhartt polo shirt: https://weidian.com/item.html?itemID=7670585224

Nike ts:https://weidian.com/item.html?itemID=7670585222

RL polo:https://weidian.com/item.html?itemID=7667684087

Ami short-sleeved: https://weidian.com/item.html?itemID=7667689985

Headphones: https://weidian.com/item.html?itemID=7670585210

Louis vuitton shirt: https://weidian.com/item.html?itemID=7670675922",https://www.reddit.com/gallery/1rfgf85
Should I size down? Paisley lace overlay tights 25”,7,"Hello! So this is the first pair of Lululemon leggings I’ve ever bought. I have some define jackets and love the quality and how they fit, and i found these leggings on sale so I bit the bullet and finally ordered some! I absolutely love the design. The issue I’m having is a little bit hard to photograph, but I’m mostly having a problem with the waist slipping down / gapping at my back and the ankles being a little baggy. I’m 5’2” so maybe if they were a little bit higher on my ankle they would’ve fit better. Pictured is a size 8 which i measured for, and I’m worried that a size 6 would be too tight everywhere else. Do yall think they look okay? Thanks for any feedback or maybe some recommendations on leggings from them that have a tighter waist and ankles. ",https://www.reddit.com/gallery/1rfg3q7
"Perfect combination, vacation begins",1,"

Lululemon man shorts: https://weidian.com/item.html?itemID=7667697823

Alo socks: https://weidian.com/item.html?itemID=7667644723

Hermes slippers: https://weidian.com/item.html?itemID=7667634895

Dior bag: https://weidian.com/item.html?itemID=7667634881

Carhartt polo shirt: https://weidian.com/item.html?itemID=7670585224

Nike ts:https://weidian.com/item.html?itemID=7670585222

RL polo:https://weidian.com/item.html?itemID=7667684087

Ami short-sleeved: https://weidian.com/item.html?itemID=7667689985

Headphones: https://weidian.com/item.html?itemID=7670585210

Louis vuitton shirt: https://weidian.com/item.html?itemID=7670675922",https://www.reddit.com/gallery/1rfg1y5
Oura ring credit with lululemon discount,0,"I know it’s been asked on here before, but the posts are older. I currently have a 60 off Oura ring through my lululemon account. Can I use the 60 off, and still earn the platinum 200 credit?

Thanks ",https://www.reddit.com/r/AmexPlatinum/comments/1rffx2y/oura_ring_credit_with_lululemon_discount/
Another awesome find.,51,Anyone else miss these kind of? When they were different and interesting. ,https://www.reddit.com/gallery/1rffrmy
"Perfect combination, vacation begins",1,"

Lululemon man shorts: https://weidian.com/item.html?itemID=7667697823

Alo socks: https://weidian.com/item.html?itemID=7667644723

Hermes slippers: https://weidian.com/item.html?itemID=7667634895

Dior bag: https://weidian.com/item.html?itemID=7667634881

Carhartt polo shirt: https://weidian.com/item.html?itemID=7670585224

Nike ts:https://weidian.com/item.html?itemID=7670585222

RL polo:https://weidian.com/item.html?itemID=7667684087

Ami short-sleeved: https://weidian.com/item.html?itemID=7667689985

Headphones: https://weidian.com/item.html?itemID=7670585210

Louis vuitton shirt: https://weidian.com/item.html?itemID=7670675922",https://www.reddit.com/gallery/1rfffuz
Swiftly Tech Short-Sleeve Shirt 2.0 *Hip Length - Riverside/Riverside - 0 is in stock at Lululemon for $49.00 (Less than MSRP) (originally $68.00),1,"View current status at [https://www.trackalacker.com/products/showcase/lululemon-swiftly-tech-short-sleeve-shirt-2-0...](https://www.trackalacker.com/products/showcase/lululemon-swiftly-tech-short-sleeve-shirt-2-0?notification_id=oAJRZURSPEEpQYc%253D--7kTakZXqfvEVqZNe--9aaqDUmrPPw7VOGfm3ee3w%253D%253D&amp;utm_campaign=stock-update&amp;utm_medium=social&amp;utm_source=reddit) (affiliate link)



As of 02/26/26 11:49 AM EST",https://www.reddit.com/r/LululemonRestocks/comments/1rffdgk/swiftly_tech_shortsleeve_shirt_20_hip_length/
Note to self: I need more Ashen Rose!☺️,26,"Heathered Ashen Rose align tank (8), Java WTs (8) and energy bra (10)",https://i.redd.it/7fk93tmgbvlg1.jpeg
Define Jacket *Nulu - Porcelain Pink/Rose Gold/Rose Gold - 14 is in stock at Lululemon for $128.00 (MSRP),1,"View current status at [https://www.trackalacker.com/products/showcase/lululemon-define-jacket-nulu...](https://www.trackalacker.com/products/showcase/lululemon-define-jacket-nulu?notification_id=QKWtw8R9NRqDoiY%253D--0K5tA4o8t7%252F3ndb4--CnnicoiwpCRcn39xQG%252FFxQ%253D%253D&amp;utm_campaign=stock-update&amp;utm_medium=social&amp;utm_source=reddit) (affiliate link)



As of 02/26/26 11:27 AM EST",https://www.reddit.com/r/LululemonRestocks/comments/1rferfb/define_jacket_nulu_porcelain_pinkrose_goldrose/
Oxford Red Swift Speed High-Rise 25” (10),14,"The compression of these tights is unmatched! A big fan of Oxford Red, too! 

I forget the name of this Lulu shirt, but it’s also super soft. ",https://www.reddit.com/gallery/1rfeq1t
👟 Shake Out Run Spotlight #3: lululemon x Run Culture LA,1,"Marathon weekend energy is building…

The **lululemon x Run Culture LA Marathon Shakeout Run** is happening:

📍 **lululemon - 5800 Topanga Canyon Blvd**  
🗓 Saturday, March 7  
⏰ 8:00 AM – 9:30 AM

Hosted in partnership with **Run Culture LA**, this low-mileage shakeout is all about pre-race activation, mobility, and community connection.

Whether you’re racing the ASICS Los Angeles Marathon, supporting a runner, or just looking to move with purpose, this run is for you.

**What to expect:**

* 🏃‍♂️ Light miles
* 🤸 Mobility + activation
* 🎁 Giveaways
* 🙌 Good energy + community vibes
* 🫶 All paces. All levels. All love.

Perfect way to tap into race week momentum.

Who’s pulling up?",https://www.reddit.com/r/LAMarathon/comments/1rfeewz/shake_out_run_spotlight_3_lululemon_x_run_culture/
Softstreme High-Rise Pant *Tall - Walnut Crunch - 8 is in stock at Lululemon for $128.00 (MSRP),1,"View current status at [https://www.trackalacker.com/products/showcase/lululemon-softstreme-high-rise-pant-tall...](https://www.trackalacker.com/products/showcase/lululemon-softstreme-high-rise-pant-tall?notification_id=Y6l3rvhgbR1QitU%253D--%252FmIZR6XlL0H4XmGl--afHQiczrGURxu1gU1cAv2w%253D%253D&amp;utm_campaign=stock-update&amp;utm_medium=social&amp;utm_source=reddit) (affiliate link)



As of 02/26/26 10:54 AM EST",https://www.reddit.com/r/LululemonRestocks/comments/1rfdu3v/softstreme_highrise_pant_tall_walnut_crunch_8_is/
"Pace Breaker Linerless Short 5"" - Steel Blue - XL is in stock at Lululemon for $68.00 (MSRP)",1,"View current status at [https://www.trackalacker.com/products/showcase/pace-breaker-linerless-short-5...](https://www.trackalacker.com/products/showcase/pace-breaker-linerless-short-5?notification_id=XWBP6eaZ81cW4os%253D--tWEwS%252BmegeCeB1pF--g2hSEcjM5BVf%252BGcc2UovnQ%253D%253D&amp;utm_campaign=stock-update&amp;utm_medium=social&amp;utm_source=reddit) (affiliate link)



As of 02/26/26 10:52 AM EST",https://www.reddit.com/r/LululemonRestocks/comments/1rfdsh4/pace_breaker_linerless_short_5_steel_blue_xl_is/
Softstreme High-Rise Pant *Tall - Light Ivory - 12 is in stock at Lululemon for $128.00 (MSRP),1,"View current status at [https://www.trackalacker.com/products/showcase/lululemon-softstreme-high-rise-pant-tall...](https://www.trackalacker.com/products/showcase/lululemon-softstreme-high-rise-pant-tall?notification_id=Xp65S4mIcAUUE1Y%253D--5H%252F71jVIcuRHQPpp--dVaBTCLhZ0pRZQaV3Ju3Hw%253D%253D&amp;utm_campaign=stock-update&amp;utm_medium=social&amp;utm_source=reddit) (affiliate link)



As of 02/26/26 10:44 AM EST",https://www.reddit.com/r/LululemonRestocks/comments/1rfdkdf/softstreme_highrise_pant_tall_light_ivory_12_is/
"Perfect combination, vacation begins",1,Lululemon man shorts: https://weidian.com/item.html?itemID=7667697823 Alo socks: https://weidian.com/item.html?itemID=7667644723 Hermes slippers: https://weidian.com/item.html?itemID=7667634895 Dior bag: https://weidian.com/item.html?itemID=766,https://www.reddit.com/gallery/1rfdenw
"High-End Streetwear Drop — Tees, Jackets, Accessories",5,"AMI T-Shirt (1)

https://weidian.com/item.html?itemID=7695229523&amp;spider\_token=2747⁠

This is a clean foundation piece. AMI tees usually lean minimal with subtle branding, which makes them perfect for layering under louder jackets or pairing with statement accessories. This is the “quiet confidence” tee in your lineup.

Chanel Knit Hat

https://weidian.com/item.html?itemID=7698261090&amp;spider\_token=f199⁠

This is pure accessory power. A knit hat like this instantly shifts a basic outfit into luxury territory. Best used with neutral outfits so it stands out without looking forced.

Palm Angels Cotton Jacket

https://weidian.com/item.html?itemID=7695269423&amp;spider\_token=6d5b⁠

This is one of the stronger pieces in the haul. Palm-style jackets usually carry bold graphics or strong branding. It’s a statement outer layer — meaning you build the outfit around this, not the other way around.

Chrome Hearts T-Shirt

https://weidian.com/item.html?itemID=7606085854&amp;spider\_token=8d78⁠

Chrome tees bring heavy street-lux energy. Gothic fonts, bold presence. This isn’t subtle. Pair with simple denim or clean shorts to let the tee do the talking.

Maison Margiela T-Shirt

https://weidian.com/item.html?itemID=7695399959&amp;spider\_token=4a0d⁠

This is your refined piece. Margiela-style tees lean understated and conceptual. Compared to Chrome or Supreme, this is more “fashion-forward minimal” than hype-driven.

AMI T-Shirt (2)

https://weidian.com/item.html?itemID=7698541084&amp;spider\_token=b819⁠

Doubling up on AMI is smart. These are rotation staples. You’re clearly building a base wardrobe, not just chasing loud graphics.

Chrome Hearts Necklace

https://weidian.com/item.html?itemID=7695529331&amp;spider\_token=3e72⁠

This changes everything. Jewelry adds dimension. Throw this over a plain tee and suddenly the outfit looks intentional. Small detail, big impact.

Chanel Belt

https://weidian.com/item.html?itemID=7698576378&amp;spider\_token=403b⁠

Belts are underrated. If the buckle is visible, it becomes a focal point. Works best with slightly tucked tees or fitted tops so the branding shows cleanly.

Supreme T-Shirt

https://weidian.com/item.html?itemID=7562450779⁠

Classic streetwear energy. Not complicated, not subtle — just reliable. Easy to style with shorts, jeans, or layered under jackets.

T-Shirt (1)

https://weidian.com/item.html?itemID=7698645750&amp;spider\_token=b5ff⁠

Likely a neutral/basic piece. These are important because they balance out louder items like Chrome and Palm.

AMI Shorts

https://weidian.com/item.html?itemID=7695655797&amp;spider\_token=5be9⁠

Clean summer essential. These work well with graphic tees or minimal tops. Good versatility piece.

AMI Socks

https://weidian.com/item.html?itemID=7698584296&amp;spider\_token=923a⁠

Small detail but completes the look. Visible socks with shorts + sneakers = intentional styling.

T-Shirt (2)

https://weidian.com/item.html?itemID=7695620647&amp;spider\_token=30d1⁠

Another layering/basic option. Having multiple plain tees makes your louder accessories shine more.

Phone Case

https://weidian.com/item.html?itemID=7698594964&amp;spider\_token=91b4⁠

Even this fits the aesthetic. Subtle flex piece. It shows you’re thinking about full look consistency.

AMI Hoodie

https://weidian.com/item.html?itemID=7695639841&amp;spider\_token=1f0b⁠

This rounds everything out. Clean hoodie, good for layering with the necklace, belt, or jacket. More refined than heavy graphic hoodies.",https://www.reddit.com/gallery/1rfcknm
Swiftly Tech Short-Sleeve Shirt 2.0 *Hip Length - Rock Melon/Rock Melon - 12 and 1 other listing are in stock at Lululemon,1,"[View 2 stock updates](https://www.trackalacker.com/products/showcase/lululemon-swiftly-tech-short-sleeve-shirt-2-0?notification_id=yhFJEEpsWMasK7o%253D--jRzhFSmD0c3mTaXr--6Vn1gtPMyaNCZyuYdLg3iA%253D%253D&amp;render_batch=true&amp;utm_campaign=batch-stock-update&amp;utm_medium=social&amp;utm_source=reddit)  


As of 02/26/26 09:40 AM EST",https://www.reddit.com/r/LululemonRestocks/comments/1rfbwiw/swiftly_tech_shortsleeve_shirt_20_hip_length_rock/
dusty lilac 😙,20,"a few fits from yesterday! not gonna lie the jacket doesn’t really go with the look but oh well 💀first fit is for a barre class! top is vuori, bottoms are align in Dusty lilac! jacket is heathered pink define. Second pic is dance studio straight legs for when I walk my pups  and last pic is a series top I saw at the outlets yesterday (that I did not end up getting lmao)",https://www.reddit.com/gallery/1rfbnfo
Swiftly Tech Short-Sleeve Shirt 2.0 *Hip Length - Maize Yellow/Maize Yellow - 6 and 1 other listing are in stock at Lululemon,1,"[View 2 stock updates](https://www.trackalacker.com/products/showcase/lululemon-swiftly-tech-short-sleeve-shirt-2-0?notification_id=aZAzL%252F87OdOdvFM%253D--4n5W2WIdidBVXkmu--B006wq%252FMq5SMk5UhjSExlQ%253D%253D&amp;render_batch=true&amp;utm_campaign=batch-stock-update&amp;utm_medium=social&amp;utm_source=reddit)  


As of 02/26/26 09:29 AM EST",https://www.reddit.com/r/LululemonRestocks/comments/1rfbm0z/swiftly_tech_shortsleeve_shirt_20_hip_length/
Define Jacket *Nulu - Oxford Red - 14 is in stock at Lululemon for $128.00 (MSRP),1,"View current status at [https://www.trackalacker.com/products/showcase/lululemon-define-jacket-nulu...](https://www.trackalacker.com/products/showcase/lululemon-define-jacket-nulu?notification_id=INNU%252FgNeknFJZ84%253D--l5MD9dVR4KrSt4Lt--6IjueiW%252BBxdkSzvhBtdJuA%253D%253D&amp;utm_campaign=stock-update&amp;utm_medium=social&amp;utm_source=reddit) (affiliate link)



As of 02/26/26 09:29 AM EST",https://www.reddit.com/r/LululemonRestocks/comments/1rfbm0x/define_jacket_nulu_oxford_red_14_is_in_stock_at/
Swiftly Tech Short-Sleeve Shirt 2.0 *Hip Length - Diamond Drop Serene Blue - 4 and 2 other listings are in stock at Lululemon,1,"[View 3 stock updates](https://www.trackalacker.com/products/showcase/lululemon-swiftly-tech-short-sleeve-shirt-2-0?notification_id=EF4RBrm4TKy9jCw%253D--XAEbD1456mhnz2YI--T7UzvQ1A8Fip%252B2u4BAxfwg%253D%253D&amp;render_batch=true&amp;utm_campaign=batch-stock-update&amp;utm_medium=social&amp;utm_source=reddit)  


As of 02/26/26 09:06 AM EST",https://www.reddit.com/r/LululemonRestocks/comments/1rfb1oy/swiftly_tech_shortsleeve_shirt_20_hip_length/
What work out brands should I buy in Paris?,2,"Hi!

Going to Paris in March. I'm not the biggest shopper, but I run and do strength training. I need some new work out wear, and thought I'd try something else than what I usally go for (Lululemon).

Im from Norway, and there arent that many options here. What are some cool brands that people like/use in France? Im thinking of going to Oysho, but want to see if there are any other I should try. Especially running clothes as I have a half marathon coming up!

Price is not important. I know about the common brands like Adidas, Nike etc, so looking for something other than these! Thanks xx

  
EDIT: I am a girl.",https://www.reddit.com/r/ParisTravelGuide/comments/1rfaqbn/what_work_out_brands_should_i_buy_in_paris/
I Wore Vitality Cloud II Leggings for Months — Here's What Nobody Tells You Before Buying,1,"Hey everyone! I've been seeing a lot of hype around the Vitality Cloud II leggings lately, so I figured I'd share my honest experience since I've been wearing them for a while now.

**First impression? Honestly amazing.**

Out of the box, these leggings feel unreal. The fabric is incredibly soft — like buttery soft — and the fit is flattering right away. The glute contour seam design gives a really nice lift, and the high waist sits comfortably without immediately digging in. They're made from a recycled nylon and spandex blend, and you can feel the quality when you first put them on.

**Read In Depth Review Here -** [**https://innerbeauty.blog/vitality-cloud-ii-workout-leggings-review/**](https://innerbeauty.blog/vitality-cloud-ii-workout-leggings-review/)

For yoga, pilates, and casual wear, these are a solid 9/10. They stay in place, they're squat-proof, and the medium compression feels supportive without being restrictive. Compared to Lululemon Aligns at $118, the $85 price tag also feels more reasonable — and they carry sizes from XXS to 4XL, which I really appreciate.

**But here's where things get real.**

**After a few months of regular use, some problems started showing up that I didn't expect.**

**Issues I noticed:**

* **Pilling** started appearing on the inner thighs after just a few wears
* The **waistband rolls down** during more intense movements — really annoying mid-workout
* **Fabric became slightly see-through** after several washes, even when I followed the care instructions
* **Sizing is inconsistent** — my black pair fits noticeably different from my colored pair in the same size
* The stitching near the seams began to **fray** on one pair around the 4-month mark
* They **absorb sweat** and take a long time to dry, which makes them uncomfortable for cardio or HIIT
* Lighter colors **show sweat stains** easily

*For $85, I expected the durability to be better. The softness is there at the start, but it fades faster than I'd like.*

**Who should actually buy these?**

If you mostly do yoga, pilates, walking, or light lifting — and you want something soft and flattering — you'll probably love them. Just go with darker colors, wash them inside out in cold water, and air dry every single time.

If you're doing heavy cardio, running, or high-intensity training, I'd look elsewhere. These aren't built for that level of activity long-term.

**Quick summary:**

**✅✅✅✅✅✅✅**

✅ Buttery soft feel on day one 

✅ Flattering fit with glute contouring 

✅ Good size range 

✅ Great for low-impact workouts

❌❌❌❌❌❌❌

❌ Pilling appears early 

❌ Waistband rolls during movement 

❌ Fabric can become see-through after washes 

❌ Sizing inconsistency between colors 

❌ Not great for high sweat activities

Overall, they're a good-looking legging with real comfort — just don't expect them to last forever at this price point.

**Would love to hear if anyone else has had similar experiences or found a way to make them last longer!**

**Check Out These 10 Best Alternatives Here -** [**https://tattoolove.blog/alternatives-to-vitality-cloud-ii-workout-leggings/**](https://tattoolove.blog/alternatives-to-vitality-cloud-ii-workout-leggings/)

&gt;",https://www.reddit.com/r/FashionItemReviews/comments/1rfadih/i_wore_vitality_cloud_ii_leggings_for_months/
"Pace Breaker Linerless Short 5"" - Steel Blue - XL is in stock at Lululemon for $68.00 (MSRP)",1,"View current status at [https://www.trackalacker.com/products/showcase/pace-breaker-linerless-short-5...](https://www.trackalacker.com/products/showcase/pace-breaker-linerless-short-5?notification_id=YwRT4iTQwbgxCTQ%253D--vBcyQXIsU1p39hXv--piumLk4kKzuSfv42VKXvBw%253D%253D&amp;utm_campaign=stock-update&amp;utm_medium=social&amp;utm_source=reddit) (affiliate link)



As of 02/26/26 08:22 AM EST",https://www.reddit.com/r/LululemonRestocks/comments/1rfa10k/pace_breaker_linerless_short_5_steel_blue_xl_is/
Clean Luxury &amp; Street Essentials – Rotation Breakdown,26,"This batch blends clean luxury pieces with bold streetwear staples. Focus is on fabric weight, structure, stitching consistency, and how each piece actually fits in real wear. Below, each review is followed immediately by its link.

1) Vivienne Westwood Phone Case  

Hard-shell case with glossy finish and sharp logo detailing. Snug fit around edges, buttons remain responsive, and camera cutout alignment is precise. Feels durable without adding too much bulk.  

Link: https://weidian.com/item.html?itemID=7604830459&amp;spider\_token=bf0f

2) AMI Hooded Sweatshirt  

Soft brushed interior with clean embroidery and structured hood. Ribbing at cuffs holds shape well after wear. Midweight fabric makes it good for daily rotation.  

Fit: Relaxed modern cut (TTS recommended).  

Link: https://weidian.com/item.html?itemID=7605644967&amp;spider\_token=8f9f

3) Supreme Hoodie  

Dense cotton fleece with thick ribbed cuffs and structured shoulders. Print placement looks centered and clean. Feels heavy enough for colder weather.  

Fit: Slightly oversized street fit (stay TTS).  

Link: https://weidian.com/item.html?itemID=7612806845&amp;spider\_token=a330

4) Chrome Heart Long Sleeve  

Midweight cotton with strong neckline structure and clean sleeve proportions. Doesn’t twist after wear. Minimal but solid build.  

Fit: Regular straight fit (TTS).  

Link: https://weidian.com/item.html?itemID=7615079014&amp;spider\_token=fcdf

5) Maison Margiela T-Shirt  

Smooth premium-feel cotton with firm collar and clean seam finishing. Lightweight but structured. Great layering tee.  

Fit: Regular tailored fit (TTS).  

Link: https://weidian.com/item.html?itemID=7613124129&amp;spider\_token=bae1

6) Chrome Hearts Bracelet Pendant  

Solid weight metal with polished finish and detailed engraving. Clasp mechanism feels secure and not flimsy. Good statement accessory.  

Link: https://weidian.com/item.html?itemID=7616074520&amp;spider\_token=4147

7) AMI Round Neck Hoodie  

Balanced midweight hoodie with subtle logo placement. Fabric drapes naturally without looking stiff.  

Fit: Relaxed regular fit (TTS).  

Link: https://weidian.com/item.html?itemID=7649435853&amp;spider\_token=69af

8) AMI Love Pants  

Soft cotton trousers with clean taper and comfortable waistband stretch. Easy to style with sneakers.  

Fit: Slight slim-modern cut (true to waist).  

Link: https://weidian.com/item.html?itemID=7604898637&amp;spider\_token=5283

9) Saint Michael Hoodie  

Heavyweight cotton hoodie with vintage-style graphic finish. Interior feels dense and warm.  

Fit: Relaxed boxy silhouette (TTS).  

Link: https://weidian.com/item.html?itemID=7624100968&amp;spider\_token=193f

10) AMI Big Love T-Shirt  

Soft cotton tee with bold chest logo embroidery. Clean neckline stitching and balanced proportions.  

Fit: Regular fit (TTS).  

Link: https://weidian.com/item.html?itemID=7612272221&amp;spider\_token=bb66

11) Chanel Knitted Hat  

Soft stretch knit with even logo placement. Comfortable and warm without excessive tightness.  

Size: One size fits most.  

Link: https://weidian.com/item.html?itemID=7606143709&amp;spider\_token=0a26

12) Lulu Mid Socks  

Athletic-style socks with breathable knit pattern and solid elasticity. Good stretch retention after wash.  

Size: One size (approx EU 39–44).  

Link: https://weidian.com/item.html?itemID=7613581537&amp;spider\_token=485d

13) Gucci Belt  

Firm strap with structured leather feel and solid buckle weight. Engraving looks sharp and clean.  

Fit: Adjustable (measure waist before ordering).  

Link: https://weidian.com/item.html?itemID=7669242252&amp;spider\_token=7e67

14) Palm Angels Cotton Jacket  

Midweight jacket with clean panel construction and smooth outer texture. Great transitional layering piece.  

Fit: Slightly relaxed cut (TTS recommended).  

Link: https://weidian.com/item.html?itemID=7666270589&amp;spider\_token=2da3

15) JIL Sander T-Shirt  

Minimalist design with premium-feel cotton and precise stitch finishing. Lightweight but structured silhouette.  

Fit: Regular fit (TTS).  

Link: https://weidian.com/item.html?itemID=7639569023&amp;spider\_token=ce22",https://www.reddit.com/gallery/1rf9hb6
Softstreme High-Rise Pant *Tall - Light Ivory - 12 is in stock at Lululemon for $128.00 (MSRP),1,"View current status at [https://www.trackalacker.com/products/showcase/lululemon-softstreme-high-rise-pant-tall...](https://www.trackalacker.com/products/showcase/lululemon-softstreme-high-rise-pant-tall?notification_id=REAblOK9G2yOcns%253D--61MdNE6aPxXsJxbm--H5MgGoWy0%252BbcZoYfnZ28Zg%253D%253D&amp;utm_campaign=stock-update&amp;utm_medium=social&amp;utm_source=reddit) (affiliate link)



As of 02/26/26 07:33 AM EST",https://www.reddit.com/r/LululemonRestocks/comments/1rf8ymb/softstreme_highrise_pant_tall_light_ivory_12_is/
Define Jacket *Luon - Black - 8 is in stock at Lululemon for $189.63 (About MSRP),1,"View current status at [https://www.trackalacker.com/ca/products/showcase/define-jacket-luon...](https://www.trackalacker.com/ca/products/showcase/define-jacket-luon?notification_id=J8gDMa2vJK4gKRw%253D--i%252BjEWJDdsLXjuRXm--LMMcUEuaAvjIixFPH8KEKQ%253D%253D&amp;utm_campaign=stock-update&amp;utm_medium=social&amp;utm_source=reddit) (affiliate link)



As of 2026-02-26 04:31 AM PST",https://www.reddit.com/r/LululemonRestocks/comments/1rf8xdz/define_jacket_luon_black_8_is_in_stock_at/
"Pace Breaker Linerless Short 5"" - Walnut Crunch - S is in stock at Lululemon for $68.00 (MSRP)",1,"View current status at [https://www.trackalacker.com/products/showcase/pace-breaker-linerless-short-5...](https://www.trackalacker.com/products/showcase/pace-breaker-linerless-short-5?notification_id=Vq27lJEniTlh16o%253D--fEsqyZNjxafc52pP--1tQ3kztZS5Fsb9K2FVmUpw%253D%253D&amp;utm_campaign=stock-update&amp;utm_medium=social&amp;utm_source=reddit) (affiliate link)



As of 02/26/26 07:31 AM EST",https://www.reddit.com/r/LululemonRestocks/comments/1rf8xdw/pace_breaker_linerless_short_5_walnut_crunch_s_is/
Scuba Full-Zip Hoodie - Heathered Core Ultra Light Grey - 0 is in stock at Lululemon for $138.00 (Above MSRP),1,"View current status at [https://www.trackalacker.com/products/showcase/lululemon-scuba-full-zip-hoodie...](https://www.trackalacker.com/products/showcase/lululemon-scuba-full-zip-hoodie?notification_id=QauzTHncifALepo%253D--y%252BRvl%252B2VpjcVNPx8--0auXMUVIR1adliRPzqBmiw%253D%253D&amp;utm_campaign=stock-update&amp;utm_medium=social&amp;utm_source=reddit) (affiliate link)



As of 02/26/26 07:31 AM EST",https://www.reddit.com/r/LululemonRestocks/comments/1rf8xdv/scuba_fullzip_hoodie_heathered_core_ultra_light/
All It Takes Ribbed Nulu T-Shirt - Black - 10 is in stock at Lululemon for $39.00 (Less than MSRP) (originally $58.00),1,"View current status at [https://www.trackalacker.com/products/showcase/lululemon-all-it-takes-ribbed-nulu-t-shirt...](https://www.trackalacker.com/products/showcase/lululemon-all-it-takes-ribbed-nulu-t-shirt?notification_id=ocxx2UC3ylztUgg%253D--QjvbUM1omODijYVS--CqTrJTVde50ha%252BrZIIiiQQ%253D%253D&amp;utm_campaign=stock-update&amp;utm_medium=social&amp;utm_source=reddit) (affiliate link)



As of 02/26/26 07:10 AM EST",https://www.reddit.com/r/LululemonRestocks/comments/1rf8hz6/all_it_takes_ribbed_nulu_tshirt_black_10_is_in/
Define Jacket *Nulu - Oxford Red - 14 and 1 other listing are in stock at Lululemon,1,"[View 2 stock updates](https://www.trackalacker.com/products/showcase/lululemon-define-jacket-nulu?notification_id=jmHnnxorqkSvGHk%253D--sIMy0iZIOj%252FltkZE--kKRqzIVA5vTVM%252Fuxn4Qhvw%253D%253D&amp;render_batch=true&amp;utm_campaign=batch-stock-update&amp;utm_medium=social&amp;utm_source=reddit)  


As of 02/26/26 07:06 AM EST",https://www.reddit.com/r/LululemonRestocks/comments/1rf8fqo/define_jacket_nulu_oxford_red_14_and_1_other/
